antecedents	consequents	antecedent support	consequent support	support	confidence	lift	representativity	leverage	conviction	zhangs_metric	jaccard	certainty	kulczynski
frozenset({'age_middle-aged'})	frozenset({'credit_no'})	0.5410307454103075	0.9831895598318956	0.5326255253262553	0.9844644317252658	1.0012966694780487	1.0	0.00068974489077267	1.0820614908206165	0.002821518632670102	0.5371403078295783	0.07583810302534898	0.7630983575949164
frozenset({'age_middle-aged'})	frozenset({'subscribed_term_d_no'})	0.5410307454103075	0.8847600088476001	0.4877239548772396	0.901471790678659	1.0188884914145544	1.0	0.00904158778119224	1.1696141840612868	0.0403912247629975	0.5199245460976185	0.14501720855703915	0.7263608953393295
frozenset({'age_senior'})	frozenset({'credit_no'})	0.3326697633266976	0.9831895598318956	0.3266976332669763	0.9820478723404256	0.9988387920924778	1.0	-0.0003798049075803833	0.9364037782529284	-0.0017390731633881297	0.33027728085867614	-0.06791538353863187	0.6571656684536773
frozenset({'job_manual-labor'})	frozenset({'credit_no'})	0.32625525326255256	0.9831895598318956	0.32116788321167883	0.9844067796610169	1.001238031686717	1.0	0.00039712436362615566	1.0780608368675588	0.0018352660491380455	0.32497761862130703	0.07240856378233199	0.6555329736325332
frozenset({'job_manual-labor'})	frozenset({'subscribed_term_d_no'})	0.32625525326255256	0.8847600088476001	0.29949126299491263	0.9179661016949152	1.037531186440678	1.0	0.010833662231760632	1.4047850161139652	0.05369028902956241	0.3285610288764863	0.2881473047268938	0.6282330508474576
frozenset({'job_white-collar'})	frozenset({'credit_no'})	0.48993585489935854	0.9831895598318956	0.48219420482194203	0.9841986455981941	1.001026338976251	1.0	0.0004943872975782249	1.063860713495751	0.0020101132267637614	0.4866071428571428	0.060027325650470045	0.7373186703806494
frozenset({'marital_married'})	frozenset({'credit_no'})	0.6186684361866843	0.9831895598318956	0.610705596107056	0.9871290668573472	1.004006864175943	1.0	0.002437248650782653	1.306077809727454	0.010465625370276252	0.6161571077884401	0.2343488323956172	0.8041382117188873
frozenset({'marital_married'})	frozenset({'subscribed_term_d_no'})	0.6186684361866843	0.8847600088476001	0.557398805573988	0.900965319985699	1.0183160529138362	1.0	0.010025714499726335	1.163632690444991	0.047167900416160494	0.5891980360065465	0.1406222872463435	0.7654826599928495
frozenset({'marital_single'})	frozenset({'credit_no'})	0.26454324264543244	0.9831895598318956	0.25967706259677065	0.9816053511705686	0.9983887047563871	1.0	-0.0004190916962944491	0.9138766564114944	-0.002189607874613204	0.26281620774569064	-0.09423957049815103	0.6228611682736982
frozenset({'education_secondary'})	frozenset({'credit_no'})	0.5100641451006415	0.9831895598318956	0.49988940499889406	0.9800520381613183	0.9968088334144701	1.0	-0.0016003373086377892	0.8427146745141012	-0.00649186978154707	0.5032286795813851	-0.1866412562194762	0.7442442418028188
frozenset({'education_tertiary'})	frozenset({'credit_no'})	0.298606502986065	0.9831895598318956	0.2948462729484627	0.9874074074074074	1.0042899637545306	1.0	0.0012594767146518748	1.3349467192318194	0.006090216972407915	0.2987449574181981	0.2509064327485376	0.6436474607340749
frozenset({'balance_low'})	frozenset({'credit_no'})	0.8506967485069675	0.9831895598318956	0.8433974784339748	0.9914196567862714	1.0083708140226622	1.0	0.007001316718984629	1.9591803905008875	0.05560043127312992	0.8514962036623495	0.48958247803596167	0.924618714782337
frozenset({'housing_no'})	frozenset({'credit_no'})	0.43397478433974784	0.9831895598318956	0.42711789427117897	0.9841997961264017	1.001027509176032	1.0	0.00043841707804048724	1.0639381809619697	0.0018134430343936813	0.43141197497765865	0.060095766940292845	0.7093102467696126
frozenset({'housing_yes'})	frozenset({'credit_no'})	0.5660252156602521	0.9831895598318956	0.5560716655607166	0.9824150058616647	0.9992122028122804	1.0	-0.0004384170780403762	0.9559536975595389	-0.0018134430343932223	0.5599109131403118	-0.04607576972912735	0.7739971542244206
frozenset({'loan_no'})	frozenset({'credit_no'})	0.8471577084715771	0.9831895598318956	0.8358770183587702	0.9866840731070495	1.0035542619835705	1.0	0.0029604038584029047	1.2624310949772448	0.023172080914827326	0.8405249110320284	0.207877559433828	0.9184264010079679
frozenset({'subscribed_term_d_no'})	frozenset({'credit_no'})	0.8847600088476001	0.9831895598318956	0.8699402786994028	0.9832500000000001	1.0000614735658044	1.0	5.3475043666817434e-05	1.003608368245043	0.0005334067316614417	0.8716755319148936	0.003595394736846153	0.9340321991001126
frozenset({'housing_yes'})	frozenset({'subscribed_term_d_no'})	0.5660252156602521	0.8847600088476001	0.5173634151736342	0.9140289175459164	1.0330811840562721	1.0	0.016566940358104798	1.3404506243590524	0.07378738136609297	0.554265402843602	0.25398221924201175	0.7493894587729582
frozenset({'age_middle-aged', 'job_white-collar'})	frozenset({'credit_no'})	0.2955098429550984	0.9831895598318956	0.29086485290864855	0.9842814371257487	1.001110546061982	1.0	0.00032266048763274213	1.0694641935517961	0.0015746339483440467	0.29444693237796693	0.06495233217775971	0.6400597286866089
frozenset({'age_middle-aged', 'marital_married'})	frozenset({'credit_no'})	0.3236009732360097	0.9831895598318956	0.3200619332006193	0.9890635680109364	1.0059744411647793	1.0	0.0019008347635338652	1.5371046228710448	0.008780259828073822	0.32436673391616233	0.34942619707162587	0.657298938111205
frozenset({'age_middle-aged', 'marital_married'})	frozenset({'subscribed_term_d_no'})	0.3236009732360097	0.8847600088476001	0.2955098429550984	0.9131920710868079	1.0321353383458647	1.0	0.009200643011714471	1.327528402015441	0.046030241674923596	0.32372183183910824	0.24672044795289533	0.6235960355434039
frozenset({'education_secondary', 'age_middle-aged'})	frozenset({'credit_no'})	0.2817960628179606	0.9831895598318956	0.27670869276708693	0.9819466248037677	0.9987358134393327	1.0	-0.0003502541972649764	0.9311522075723941	-0.0017593328936024689	0.2799910474485229	-0.07393827976534459	0.6316932224131324
frozenset({'education_secondary', 'age_middle-aged'})	frozenset({'subscribed_term_d_no'})	0.2817960628179606	0.8847600088476001	0.2581287325812873	0.9160125588697018	1.0353231946624804	1.0	0.008806845549249626	1.3721098011977346	0.04750466385291658	0.2841490138787436	0.2711953524950514	0.6038812794348509
frozenset({'age_middle-aged', 'balance_low'})	frozenset({'credit_no'})	0.45808449458084494	0.9831895598318956	0.45299712452997126	0.9888942539835829	1.0058022322294213	1.0	0.0026132319372139667	1.513670503832367	0.010645129145408277	0.45837063563115493	0.33935424026023964	0.7248183305913415
frozenset({'housing_yes', 'age_middle-aged'})	frozenset({'credit_no'})	0.3459411634594116	0.9831895598318956	0.3410749834107498	0.9859335038363172	1.00279085958245	1.0	0.0009492431813570845	1.1950694737688796	0.004255110101686742	0.34519811954331764	0.1632285637367096	0.6664200702533667
frozenset({'loan_no', 'age_middle-aged'})	frozenset({'credit_no'})	0.45874806458748063	0.9831895598318956	0.45321831453218314	0.9879459980713597	1.004837763167743	1.0	0.0021820068366840695	1.3945941163459472	0.008895066378428277	0.4583892617449664	0.28294549053443946	0.7244566885744875
frozenset({'credit_no', 'age_middle-aged'})	frozenset({'subscribed_term_d_no'})	0.5326255253262553	0.8847600088476001	0.48064587480645876	0.9024086378737541	1.0199473629568105	1.0	0.009400110306343468	1.1808421221062935	0.041844919873445595	0.5131050767414405	0.1531467405513291	0.7228293189368771
frozenset({'subscribed_term_d_no', 'age_middle-aged'})	frozenset({'credit_no'})	0.4877239548772396	0.9831895598318956	0.48064587480645876	0.9854875283446711	1.0023372588630501	1.0	0.00112077429123425	1.1583443928334378	0.004551859967714793	0.485369667187849	0.13669889008234423	0.7371757101790848
frozenset({'housing_yes', 'age_middle-aged'})	frozenset({'subscribed_term_d_no'})	0.3459411634594116	0.8847600088476001	0.3171864631718646	0.9168797953964194	1.036303388746803	1.0	0.011111556328766536	1.3864257397104105	0.0535603529718622	0.3472154963680388	0.27872083490827654	0.6376898976982097
frozenset({'age_senior', 'balance_low'})	frozenset({'credit_no'})	0.2840079628400796	0.9831895598318956	0.2822384428223844	0.9937694704049844	1.0107608044321563	1.0	0.0030047788488931637	2.6980756469807563	0.014869218857586056	0.2865483943408938	0.6293654697491392	0.6404167936951806
frozenset({'loan_no', 'age_senior'})	frozenset({'credit_no'})	0.27715107277151074	0.9831895598318956	0.2733908427339084	0.9864325618515561	1.0032984504231464	1.0	0.0008988014887491014	1.2390283253314487	0.004548123809184141	0.27700582698341547	0.19291594909059642	0.6322489018481627
frozenset({'subscribed_term_d_no', 'age_senior'})	frozenset({'credit_no'})	0.294182702941827	0.9831895598318956	0.2888741428887414	0.9819548872180451	0.9987442171232356	1.0	-0.00036321932679078683	0.9315785593157868	-0.0017782589637521662	0.29223539941821436	-0.07344677483181503	0.6378840802794388
frozenset({'job_manual-labor', 'balance_low'})	frozenset({'credit_no'})	0.2749391727493917	0.9831895598318956	0.2731696527316965	0.9935639581657281	1.0105517783728362	1.0	0.0028523284956765704	2.6119221411192175	0.01440099991848491	0.27734111834718167	0.6171401956217972	0.6357021140659911
frozenset({'loan_no', 'job_manual-labor'})	frozenset({'credit_no'})	0.2725060827250608	0.9831895598318956	0.26874585268745854	0.9862012987012988	1.0030632331672829	1.0	0.0008207171614918463	1.2182624874767514	0.004197806130173296	0.2722994173016585	0.17915883458647205	0.6297710655486246
frozenset({'credit_no', 'job_manual-labor'})	frozenset({'subscribed_term_d_no'})	0.32116788321167883	0.8847600088476001	0.2955098429550984	0.9201101928374655	1.0399545454545454	1.0	0.011353343763168433	1.4424867858041777	0.05659648445045373	0.32458697764820216	0.3067527482114812	0.6270550964187327
frozenset({'job_manual-labor', 'subscribed_term_d_no'})	frozenset({'credit_no'})	0.29949126299491263	0.9831895598318956	0.2955098429550984	0.9867060561299852	1.0035766208692156	1.0	0.001053159917631774	1.264518665978516	0.005087551452194957	0.29935021286130403	0.20918526004819776	0.6436342429131365
frozenset({'job_manual-labor'})	frozenset({'credit_no', 'subscribed_term_d_no'})	0.32625525326255256	0.8699402786994028	0.2955098429550984	0.9057627118644066	1.041178037207979	1.0	0.011687257004729168	1.3801301361034566	0.05870096641909842	0.3280943025540275	0.2754306468350036	0.6227262580425517
frozenset({'job_manual-labor', 'balance_low'})	frozenset({'subscribed_term_d_no'})	0.2749391727493917	0.8847600088476001	0.252156602521566	0.917135961383749	1.0365929203539823	1.0	0.008901417607262346	1.3907117378876996	0.048687154126928034	0.27784547891786493	0.28094372632615955	0.6010679806918745
frozenset({'job_white-collar', 'marital_married'})	frozenset({'credit_no'})	0.27294846272948464	0.9831895598318956	0.26985180269851805	0.9886547811993517	1.0055586649723889	1.0	0.0014917237707234854	1.4817202262457714	0.007603225822539913	0.27360394707333485	0.32510876055617055	0.6315602364939391
frozenset({'job_white-collar', 'balance_low'})	frozenset({'credit_no'})	0.41716434417164344	0.9831895598318956	0.41340411413404116	0.9909862142099682	1.0079299605046719	1.0	0.003252486210361616	1.8649700092379466	0.01349878117249071	0.4188704616763783	0.463798347937716	0.705729327577425
frozenset({'housing_yes', 'job_white-collar'})	frozenset({'credit_no'})	0.27184251271842513	0.9831895598318956	0.2678610926786109	0.985353946297803	1.0022013928486766	1.0	0.0005883722553860493	1.1477794981444576	0.003016596548648348	0.271342146538203	0.12875251595220455	0.6288974455898464
frozenset({'loan_no', 'job_white-collar'})	frozenset({'credit_no'})	0.41694315416943156	0.9831895598318956	0.41163459411634595	0.9872679045092838	1.0041480756549994	1.0	0.0017004378935803754	1.320319988203199	0.007084969899681988	0.41642425598567917	0.24260784587463302	0.7029702852130222
frozenset({'subscribed_term_d_no', 'job_white-collar'})	frozenset({'credit_no'})	0.42977217429772174	0.9831895598318956	0.42269409422694093	0.9835306227483273	1.0003468943633718	1.0	0.00014657935116718646	1.0207089139570844	0.0006081324933148029	0.42684833593924504	0.020288755857730476	0.7067259412954234
frozenset({'education_secondary', 'marital_married'})	frozenset({'credit_no'})	0.31563813315638134	0.9831895598318956	0.3105507631055076	0.9838822704975472	1.0007045545375501	1.0	0.00021864590132381068	1.0429781791254256	0.0010287810061565374	0.31423455684870183	0.04120716999224696	0.6498713939664339
frozenset({'education_secondary', 'marital_married'})	frozenset({'subscribed_term_d_no'})	0.31563813315638134	0.8847600088476001	0.28754700287547	0.9110021023125437	1.0296601261387526	1.0	0.008283005391390097	1.2948619478305086	0.042091392770125746	0.3149987884661983	0.22771689933783165	0.6180010511562719
frozenset({'balance_low', 'marital_married'})	frozenset({'credit_no'})	0.5268745852687459	0.9831895598318956	0.5235567352355673	0.9937027707808563	1.0106929643870082	1.0	0.005539143658576551	2.6694978986949423	0.022361585877816146	0.5307174887892376	0.6253977197401513	0.7631056036131503
frozenset({'housing_no', 'marital_married'})	frozenset({'credit_no'})	0.25923468259234683	0.9831895598318956	0.25613802256138024	0.9880546075085325	1.0049482295941676	1.0	0.0012611890902495815	1.4072739912156023	0.006646997453935414	0.2596994841892801	0.2894063229746748	0.6242860214145587
frozenset({'housing_yes', 'marital_married'})	frozenset({'credit_no'})	0.35943375359433755	0.9831895598318956	0.35456757354567575	0.9864615384615385	1.0033279224712297	1.0	0.001176059560533016	1.2416802396895332	0.0051780501338996	0.3588538168793374	0.19463967611336264	0.6735457298606905
frozenset({'loan_no', 'marital_married'})	frozenset({'credit_no'})	0.5184693651846937	0.9831895598318956	0.513160805131608	0.9897610921501705	1.0066838914760228	1.0	0.0034071381893466812	1.6418196564181722	0.013788351575245578	0.5191317968225553	0.3909197054068528	0.7558479251527005
frozenset({'credit_no', 'marital_married'})	frozenset({'subscribed_term_d_no'})	0.610705596107056	0.8847600088476001	0.5500995355009953	0.9007605939876855	1.0180846613545815	1.0	0.0097716468860376	1.1612321736196194	0.04562977482911121	0.5818905007019186	0.13884576855724778	0.7612552969938428
frozenset({'subscribed_term_d_no', 'marital_married'})	frozenset({'credit_no'})	0.557398805573988	0.9831895598318956	0.5500995355009953	0.986904761904762	1.0037787240880605	1.0	0.0020708491978816967	1.2837063401097952	0.008505397482199846	0.5553818669048682	0.22100563909774712	0.7732049118860143
frozenset({'housing_yes', 'marital_married'})	frozenset({'subscribed_term_d_no'})	0.35943375359433755	0.8847600088476001	0.33244857332448574	0.924923076923077	1.0453943076923078	1.0	0.014435962314233552	1.534958898546311	0.06778868597978999	0.36462882096069865	0.3485167577144548	0.6503365384615385
frozenset({'education_secondary', 'balance_low'})	frozenset({'credit_no'})	0.43331121433311215	0.9831895598318956	0.42866622428666223	0.9892802450229708	1.0061948228906301	1.0	0.002639162196265532	1.5681739185388741	0.010864311211973957	0.4339453649798477	0.36231562827435804	0.7126378727927003
frozenset({'education_secondary', 'housing_yes'})	frozenset({'credit_no'})	0.31630170316301703	0.9831895598318956	0.31032957310329573	0.9811188811188811	0.9978939171065155	1.0	-0.0006549592036299012	0.8903307200144186	-0.0030774288170738687	0.3137298747763864	-0.12317813765182149	0.6483772133378433
frozenset({'loan_no', 'education_secondary'})	frozenset({'credit_no'})	0.418049104180491	0.9831895598318956	0.41097102410971026	0.9830687830687832	0.9998771582123664	1.0	-5.049061762496532e-05	0.9928666224286741	-0.00021106754775076822	0.41501005137368774	-0.0071846282372518555	0.700533266674999
frozenset({'education_secondary', 'subscribed_term_d_no'})	frozenset({'credit_no'})	0.4558725945587259	0.9831895598318956	0.44702499447024996	0.9805919456574479	0.9973579721748755	1.0	-0.001184181113367988	0.8661579296615817	-0.0048448076248671515	0.45061315496098114	-0.15452386424576411	0.717630056068319
frozenset({'education_secondary', 'housing_yes'})	frozenset({'subscribed_term_d_no'})	0.31630170316301703	0.8847600088476001	0.29152842291528425	0.9216783216783218	1.0417269230769233	1.0	0.011677325226262303	1.4713677441779647	0.05858655679099682	0.3205252918287938	0.32036025394950607	0.6255891608391608
frozenset({'education_tertiary', 'balance_low'})	frozenset({'credit_no'})	0.2545896925458969	0.9831895598318956	0.2528201725282017	0.9930495221546481	1.0100285466054362	1.0	0.002510244776263715	2.418602079186025	0.013320145070887015	0.25668088928812033	0.5865380218574245	0.6250961896487526
frozenset({'loan_no', 'education_tertiary'})	frozenset({'credit_no'})	0.2601194426011944	0.9831895598318956	0.25724397257243975	0.9889455782312927	1.0058544340120752	1.0	0.0014972522976534064	1.5206982798223925	0.007866619882860864	0.2608793180798565	0.34240735767992486	0.6252939364722268
frozenset({'education_tertiary', 'subscribed_term_d_no'})	frozenset({'credit_no'})	0.2559168325591683	0.9831895598318956	0.2523777925237779	0.9861711322385479	1.0030325509224916	1.0	0.000763034566356291	1.2156049546560443	0.004063231764697299	0.25577224837480383	0.17736432697993548	0.6214320228121873
frozenset({'housing_no', 'balance_low'})	frozenset({'credit_no'})	0.3764653837646538	0.9831895598318956	0.37248396372483966	0.9894242068155112	1.0063412461221433	1.0	0.002347128769324025	1.5895205092285503	0.010105755060461168	0.37732466950481736	0.37087946069639904	0.684138425117542
frozenset({'housing_yes', 'balance_low'})	frozenset({'credit_no'})	0.47423136474231364	0.9831895598318956	0.4709135147091352	0.9930037313432837	1.009981972869063	1.0	0.004654187949660715	2.402772248027756	0.018797846040209034	0.47735426008968623	0.5838140710919146	0.735984430351057
frozenset({'loan_no', 'balance_low'})	frozenset({'credit_no'})	0.7261667772616678	0.9831895598318956	0.7210794072107941	0.9929942126104173	1.0099722913862086	1.0	0.007119813110348816	2.399507611821168	0.03605781143146008	0.729632945389436	0.5832478317328511	0.8632012682849612
frozenset({'subscribed_term_d_no', 'balance_low'})	frozenset({'credit_no'})	0.7498341074983411	0.9831895598318956	0.7436407874364078	0.9917404129793509	1.0086970544611125	1.0	0.006411721338171583	2.0352640060668916	0.03446540126266868	0.7516208361278783	0.5086632510479656	0.8740479342737024
frozenset({'loan_no', 'housing_no'})	frozenset({'credit_no'})	0.37093563370935634	0.9831895598318956	0.36717540367175405	0.9898628503279666	1.0067873895011783	1.0	0.0024753612390867596	1.6583004801124177	0.010716918306136088	0.3720304796055581	0.3969729780623298	0.6816580843315874
frozenset({'subscribed_term_d_no', 'housing_no'})	frozenset({'credit_no'})	0.36739659367396593	0.9831895598318956	0.36186684361866844	0.9849488260084287	1.0017893458681904	1.0	0.0006463484006240527	1.1168856447688598	0.00282349069023879	0.36599552572706934	0.10465318926455472	0.6765014096296362
frozenset({'loan_no', 'housing_yes'})	frozenset({'credit_no'})	0.4762220747622207	0.9831895598318956	0.46870161468701615	0.9842080817464004	1.0010359364624244	1.0	0.00048504261931625603	1.0644964024096717	0.0019757694220884554	0.4730966733645903	0.06058865230889736	0.7304617461600393
frozenset({'credit_no', 'housing_yes'})	frozenset({'subscribed_term_d_no'})	0.5560716655607166	0.8847600088476001	0.5080734350807343	0.9136833731105808	1.032690632458234	1.0	0.01608346333933497	1.335084505793242	0.07130832248210932	0.5447000237135404	0.2509837424816425	0.7439666865552903
frozenset({'housing_yes', 'subscribed_term_d_no'})	frozenset({'credit_no'})	0.5173634151736342	0.9831895598318956	0.5080734350807343	0.9820436083796493	0.9988344552270854	1.0	-0.0005928733569573463	0.9361814179332376	-0.0024119397186246052	0.5119233340762201	-0.06816903310007114	0.7494020066645153
frozenset({'loan_no', 'subscribed_term_d_no'})	frozenset({'credit_no'})	0.7414288874142889	0.9831895598318956	0.7316965273169653	0.986873508353222	1.0037469361675853	1.0	0.0027313858534585567	1.280649896442863	0.01443683715657323	0.7369124526620628	0.21914646401205906	0.865540241240728
frozenset({'housing_yes', 'balance_low'})	frozenset({'subscribed_term_d_no'})	0.47423136474231364	0.8847600088476001	0.43264764432647645	0.9123134328358209	1.0311422574626865	1.0	0.013066697861257581	1.314226282078433	0.05744296268001212	0.4670487106017192	0.23909602658492562	0.7006567164179105
frozenset({'loan_no', 'housing_yes'})	frozenset({'subscribed_term_d_no'})	0.4762220747622207	0.8847600088476001	0.43309002433090027	0.909428704133767	1.0278817928471902	1.0	0.011747777250855407	1.2723676971852174	0.05178814220246832	0.4667461263408821	0.21406366869243856	0.6994643520668835
frozenset({'loan_no', 'age_middle-aged', 'job_white-collar'})	frozenset({'credit_no'})	0.25436850254368504	0.9831895598318956	0.25127184251271845	0.9878260869565217	1.0047158018291191	1.0	0.001179386461694354	1.3808575852371476	0.006294888882389694	0.2547656425207446	0.27581235697940526	0.6216970704748863
frozenset({'subscribed_term_d_no', 'age_middle-aged', 'job_white-collar'})	frozenset({'credit_no'})	0.2612253926122539	0.9831895598318956	0.2570227825702278	0.9839119390347163	1.0007347303432963	1.0	0.00018870379087176925	1.0449015704490128	0.0009937955414471916	0.2603046594982079	0.042972057578320844	0.6226646309346809
frozenset({'age_middle-aged', 'balance_low', 'marital_married'})	frozenset({'credit_no'})	0.27405441274054415	0.9831895598318956	0.272063702720637	0.99273607748184	1.0097097426986275	1.0	0.0026162652882727455	2.314237263142313	0.01324668182696422	0.27615626403233046	0.567892188097351	0.6347257440277592
frozenset({'loan_no', 'age_middle-aged', 'marital_married'})	frozenset({'credit_no'})	0.2691882326918823	0.9831895598318956	0.26697633266976334	0.9917830731306493	1.0087404440098235	1.0	0.002313272657505694	2.045830568458342	0.011856282259860467	0.2709315375982043	0.5112009687324397	0.6316620652492392
frozenset({'credit_no', 'age_middle-aged', 'marital_married'})	frozenset({'subscribed_term_d_no'})	0.3200619332006193	0.8847600088476001	0.2924131829241318	0.9136143745680719	1.0326126468555632	1.0	0.009235184073771885	1.3340181375801823	0.04644930838608329	0.32048484848484854	0.2503850046492384	0.6220571872840359
frozenset({'subscribed_term_d_no', 'age_middle-aged', 'marital_married'})	frozenset({'credit_no'})	0.2955098429550984	0.9831895598318956	0.2924131829241318	0.9895209580838323	1.0064396516303726	1.0	0.0018709905031160101	1.6041962903276772	0.00908238077029951	0.29647903117290875	0.3766348881184999	0.6434668907404538
frozenset({'age_middle-aged', 'marital_married'})	frozenset({'credit_no', 'subscribed_term_d_no'})	0.3236009732360097	0.8699402786994028	0.2924131829241318	0.9036226930963773	1.0387180766561712	1.0	0.010899662079799532	1.3494849096650618	0.055107804830265845	0.3244968090328915	0.258976522940003	0.6198764368100753
frozenset({'credit_no', 'education_secondary', 'age_middle-aged'})	frozenset({'subscribed_term_d_no'})	0.27670869276708693	0.8847600088476001	0.2541473125414731	0.9184652278177458	1.038095323741007	1.0	0.009326527080657426	1.4133845973691392	0.05073657987400285	0.28010726474890296	0.29247849321310665	0.6028576139088728
frozenset({'education_secondary', 'subscribed_term_d_no', 'age_middle-aged'})	frozenset({'credit_no'})	0.2581287325812873	0.9831895598318956	0.2541473125414731	0.9845758354755784	1.001409977994396	1.0	0.0003578375749121454	1.0898768708987658	0.0018978936338824293	0.25745014564194485	0.08246516033012875	0.6215342619447632
frozenset({'education_secondary', 'age_middle-aged'})	frozenset({'credit_no', 'subscribed_term_d_no'})	0.2817960628179606	0.8699402786994028	0.2541473125414731	0.901883830455259	1.0367192467552062	1.0	0.009001567117222026	1.325568679495686	0.049315656709828876	0.28314440611138486	0.2456067984493636	0.597013616219239
frozenset({'housing_yes', 'age_middle-aged', 'balance_low'})	frozenset({'credit_no'})	0.28975890289758904	0.9831895598318956	0.2871046228710462	0.9908396946564885	1.007780935779974	1.0	0.002216694673792652	1.8351397183513807	0.01087075965275355	0.29122728292573474	0.4550823623945311	0.6414265964845997
frozenset({'loan_no', 'age_middle-aged', 'balance_low'})	frozenset({'credit_no'})	0.39106392391063927	0.9831895598318956	0.38752488387524886	0.9909502262443439	1.00789335722175	1.0	0.0030349166594135224	1.857553638575543	0.012861021683277808	0.39273705447209145	0.4616575375089326	0.6925504787014746
frozenset({'subscribed_term_d_no', 'age_middle-aged', 'balance_low'})	frozenset({'credit_no'})	0.41163459411634595	0.9831895598318956	0.40743198407431985	0.9897904352498657	1.0067137362800096	1.0	0.0027171486734886563	1.6465383764653818	0.011334729331471931	0.41263440860215056	0.39266523374529755	0.7020943177374188
frozenset({'loan_no', 'housing_yes', 'age_middle-aged'})	frozenset({'credit_no'})	0.28909533289095335	0.9831895598318956	0.2857774828577748	0.988523335883703	1.005424972222772	1.0	0.0015419697632630958	1.4647496866474796	0.007589907544585322	0.2896860986547085	0.317289493818701	0.6395935014626614
frozenset({'credit_no', 'housing_yes', 'age_middle-aged'})	frozenset({'subscribed_term_d_no'})	0.3410749834107498	0.8847600088476001	0.31276266312762663	0.9169909208819715	1.0364289883268483	1.0	0.010993157787436536	1.388281768414069	0.05334227855241277	0.3425387596899224	0.27968513110824056	0.6352454604409857
frozenset({'housing_yes', 'age_middle-aged', 'subscribed_term_d_no'})	frozenset({'credit_no'})	0.3171864631718646	0.9831895598318956	0.31276266312762663	0.9860529986052999	1.002912397456594	1.0	0.0009082440170453121	1.205308560053092	0.004252903424453381	0.31668533034714447	0.17033693019159218	0.6520816174128862
frozenset({'housing_yes', 'age_middle-aged'})	frozenset({'credit_no', 'subscribed_term_d_no'})	0.3459411634594116	0.8699402786994028	0.31276266312762663	0.9040920716112533	1.0392576292281912	1.0	0.011814510974150427	1.3560893607608941	0.057754260860164996	0.3463139848150869	0.2625854689701971	0.6318070325002618
frozenset({'loan_no', 'subscribed_term_d_no', 'age_middle-aged'})	frozenset({'credit_no'})	0.41008626410086263	0.9831895598318956	0.4054412740544127	0.988673139158576	1.0055773368134808	1.0	0.00224874055997909	1.4841217176983559	0.0094020571487483	0.4104343931930138	0.32620081757792346	0.7005232962384556
frozenset({'housing_yes', 'age_middle-aged', 'balance_low'})	frozenset({'subscribed_term_d_no'})	0.28975890289758904	0.8847600088476001	0.2643220526432205	0.9122137404580152	1.0310295801526717	1.0	0.007954963151878713	1.3127338122577716	0.04237395250896149	0.29040097205346294	0.23823094167118353	0.6054818702290076
frozenset({'loan_no', 'housing_yes', 'age_middle-aged'})	frozenset({'subscribed_term_d_no'})	0.28909533289095335	0.8847600088476001	0.26343729263437293	0.9112471308339709	1.0299370696250956	1.0	0.0076573033479731545	1.298436796863678	0.040887186986823434	0.2893586005830903	0.22984314491436175	0.6044985654169854
frozenset({'credit_no', 'job_manual-labor', 'balance_low'})	frozenset({'subscribed_term_d_no'})	0.2731696527316965	0.8847600088476001	0.2510506525105065	0.9190283400809717	1.0387317813765182	1.0	0.00936106814271484	1.4232138907321392	0.051301610624167014	0.2768292682926829	0.29736492419591737	0.6013891700404859
frozenset({'job_manual-labor', 'subscribed_term_d_no', 'balance_low'})	frozenset({'credit_no'})	0.252156602521566	0.9831895598318956	0.2510506525105065	0.9956140350877193	1.0126369072287016	1.0	0.0031329134686217674	3.8327803583277915	0.016686927596167744	0.2550561797752809	0.7390927977839327	0.6254785586012275
frozenset({'job_manual-labor', 'balance_low'})	frozenset({'credit_no', 'subscribed_term_d_no'})	0.2749391727493917	0.8699402786994028	0.2510506525105065	0.913113435237329	1.0496277245634285	1.0	0.011869991943517427	1.4968910516355762	0.0652100641575259	0.28087107151695123	0.33194870868701426	0.6008486067618122
frozenset({'loan_no', 'job_white-collar', 'balance_low'})	frozenset({'credit_no'})	0.3578854235788542	0.9831895598318956	0.3554523335545233	0.9932014833127317	1.0101831059745467	1.0	0.003583121475778106	2.4726629265447957	0.01569884253806054	0.3606373429084381	0.5955777112744755	0.6773656460433175
frozenset({'subscribed_term_d_no', 'job_white-collar', 'balance_low'})	frozenset({'credit_no'})	0.36474231364742316	0.9831895598318956	0.36142446361424463	0.9909035779260157	1.0078459113168767	1.0	0.0028136288071674564	1.8480277224802613	0.012254605305775854	0.36636771300448434	0.4588825763620648	0.6792538137099144
frozenset({'loan_no', 'subscribed_term_d_no', 'job_white-collar'})	frozenset({'credit_no'})	0.36186684361866844	0.9831895598318956	0.35722185357221853	0.987163814180929	1.0040422056044949	1.0	0.0014381508770224816	1.3096133388104116	0.0063089214523717255	0.3616211374832064	0.2364158409471067	0.6752466989914769
frozenset({'education_secondary', 'balance_low', 'marital_married'})	frozenset({'credit_no'})	0.26808228268082285	0.9831895598318956	0.26564919265649195	0.990924092409241	1.0078667765539209	1.0	0.002073491148803952	1.8522048621584182	0.010664277200248056	0.269524236983842	0.4601029181865572	0.6305576592529895
frozenset({'loan_no', 'education_secondary', 'marital_married'})	frozenset({'credit_no'})	0.2552532625525326	0.9831895598318956	0.2517142225171422	0.9861351819757366	1.0029959859870203	1.0	0.0007518796624623736	1.2124529971245304	0.0040108089317227105	0.25509975341851604	0.1752257593724349	0.6210765898630088
frozenset({'credit_no', 'education_secondary', 'marital_married'})	frozenset({'subscribed_term_d_no'})	0.3105507631055076	0.8847600088476001	0.28312320283123205	0.9116809116809118	1.0304273504273507	1.0	0.008360306918374194	1.3048140933707235	0.04282964388835447	0.31037827352085356	0.23360729694702936	0.6158404558404559
frozenset({'education_secondary', 'subscribed_term_d_no', 'marital_married'})	frozenset({'credit_no'})	0.28754700287547	0.9831895598318956	0.28312320283123205	0.9846153846153847	1.0014502033399673	1.0	0.0004099916431178352	1.0926786109267899	0.002032559764048444	0.2866741321388578	0.08481781376518542	0.6362896945574111
frozenset({'housing_yes', 'balance_low', 'marital_married'})	frozenset({'credit_no'})	0.30303030303030304	0.9831895598318956	0.30126078301260784	0.9941605839416058	1.011158605174353	1.0	0.00332455276051824	2.8787878787878496	0.015833492945157308	0.30586121715697284	0.6526315789473649	0.6502861412396443
frozenset({'loan_no', 'balance_low', 'marital_married'})	frozenset({'credit_no'})	0.44414952444149525	0.9831895598318956	0.44215881442158816	0.9955179282868526	1.0125391572069427	1.0	0.005475638986408682	3.7505959841726297	0.0222791459398621	0.4488100583744949	0.7333757076955338	0.7226183567193543
frozenset({'subscribed_term_d_no', 'balance_low', 'marital_married'})	frozenset({'credit_no'})	0.47179827471798275	0.9831895598318956	0.46870161468701615	0.9934364744491327	1.0104221149571495	1.0	0.004834476637594953	2.5611906341833612	0.019527794707373668	0.47521865889212833	0.6095565919016992	0.7350759425114055
frozenset({'loan_no', 'housing_yes', 'marital_married'})	frozenset({'credit_no'})	0.29750055297500555	0.9831895598318956	0.2937403229374032	0.987360594795539	1.0042423507470488	1.0	0.001240885208161957	1.330002472123545	0.006013427134229386	0.29762438368444644	0.248121698297784	0.6430616247318527
frozenset({'credit_no', 'housing_yes', 'marital_married'})	frozenset({'subscribed_term_d_no'})	0.35456757354567575	0.8847600088476001	0.3278035832780358	0.924516531503431	1.044934809731753	1.0	0.014096373770691673	1.526691783614025	0.06662587559741341	0.35962145110410093	0.34498894227833354	0.6475082657517155
frozenset({'marital_married', 'housing_yes', 'subscribed_term_d_no'})	frozenset({'credit_no'})	0.33244857332448574	0.9831895598318956	0.3278035832780358	0.9860279441117764	1.0028869145847787	1.0	0.0009436168043930326	1.2031472177457547	0.0043121835786897895	0.33184057321988353	0.16884651749133095	0.6597181340356407
frozenset({'housing_yes', 'marital_married'})	frozenset({'credit_no', 'subscribed_term_d_no'})	0.35943375359433755	0.8699402786994028	0.3278035832780358	0.9119999999999999	1.0483478260869563	1.0	0.015117683502205326	1.4779513784158758	0.07199585635359096	0.3635917566241413	0.32338775510204004	0.6444057971014492
frozenset({'loan_no', 'subscribed_term_d_no', 'marital_married'})	frozenset({'credit_no'})	0.46250829462508297	0.9831895598318956	0.4576421145764211	0.9894787183165948	1.0063966896533916	1.0	0.002908787965385129	1.5977559268866366	0.011825358466247663	0.46317438997089766	0.3741221777542799	0.727472767482257
frozenset({'housing_yes', 'balance_low', 'marital_married'})	frozenset({'subscribed_term_d_no'})	0.30303030303030304	0.8847600088476001	0.2791417827914178	0.9211678832116788	1.0411499999999998	1.0	0.011032689201235957	1.4618406285072936	0.05670777923241219	0.307205452775073	0.3159309021113237	0.6183339416058393
frozenset({'loan_no', 'housing_yes', 'marital_married'})	frozenset({'subscribed_term_d_no'})	0.29750055297500555	0.8847600088476001	0.27405441274054415	0.921189591078067	1.0411745353159851	1.0	0.010837820858212333	1.4622432839620565	0.056293620637428085	0.30175353141743794	0.3161192730593873	0.6154697955390335
frozenset({'education_secondary', 'housing_yes', 'balance_low'})	frozenset({'credit_no'})	0.2636584826365848	0.9831895598318956	0.26144658261446585	0.9916107382550337	1.0085651625761547	1.0	0.002220315125056549	2.0038044680380676	0.011533267359242384	0.26531986531986534	0.5009493111974624	0.6287637493299916
frozenset({'loan_no', 'education_secondary', 'balance_low'})	frozenset({'credit_no'})	0.35832780358327804	0.9831895598318956	0.3550099535500995	0.9907407407407407	1.0076802899637545	1.0	0.0027057980695264217	1.8155275381552674	0.011877953783258581	0.3598654708520179	0.4491959064327461	0.6759103028788068
frozenset({'education_secondary', 'subscribed_term_d_no', 'balance_low'})	frozenset({'credit_no'})	0.3855341738553417	0.9831895598318956	0.38155275381552756	0.9896729776247849	1.0065942703805741	1.0	0.0024995791225406183	1.627810956278117	0.010661407956928817	0.38651131525879456	0.3856780505480596	0.68887473403174
frozenset({'loan_no', 'education_secondary', 'housing_yes'})	frozenset({'credit_no'})	0.2607830126078301	0.9831895598318956	0.2563592125635921	0.98303647158609	0.9998442942723763	1.0	-3.9922813936055235e-05	0.9909754479097586	-0.00021062445504793482	0.25957446808510637	-0.009106736306410722	0.6218894393925951
frozenset({'credit_no', 'education_secondary', 'housing_yes'})	frozenset({'subscribed_term_d_no'})	0.31032957310329573	0.8847600088476001	0.2859986728599867	0.9215965787598004	1.0416345331432644	1.0	0.011431477015442837	1.4698337053347	0.057955776081500675	0.3145985401459854	0.3196509262438725	0.6224232893799002
frozenset({'education_secondary', 'subscribed_term_d_no', 'housing_yes'})	frozenset({'credit_no'})	0.29152842291528425	0.9831895598318956	0.2859986728599867	0.9810318664643397	0.9978054146873521	1.0	-0.0006290289445783359	0.8862464056624546	-0.003094838741979745	0.28926174496644286	-0.12835436466737082	0.6359602526922373
frozenset({'education_secondary', 'housing_yes'})	frozenset({'credit_no', 'subscribed_term_d_no'})	0.31630170316301703	0.8699402786994028	0.2859986728599867	0.9041958041958041	1.0393768702693187	1.0	0.010835081057255891	1.3575576748894442	0.055411977442181	0.3176904176904176	0.263383045525902	0.616476239245118
frozenset({'loan_no', 'education_secondary', 'subscribed_term_d_no'})	frozenset({'credit_no'})	0.36960849369608495	0.9831895598318956	0.3634151736341517	0.9832435667265109	1.000054930297088	1.0	1.9961406967972106e-05	1.0032230543179357	8.71320114037981e-05	0.36731500111781795	0.003212699612577223	0.6764361815634804
frozenset({'loan_no', 'housing_no', 'balance_low'})	frozenset({'credit_no'})	0.32404335324043354	0.9831895598318956	0.3213890732138907	0.9918088737201364	1.008766685734249	1.0	0.002793031374977384	2.0522745705227097	0.01285659206624296	0.32600403859098037	0.512735764325481	0.6593465066013505
frozenset({'subscribed_term_d_no', 'housing_no', 'balance_low'})	frozenset({'credit_no'})	0.3171864631718646	0.9831895598318956	0.314089803140898	0.9902370990237099	1.0071680370497622	1.0	0.0022353840303167005	1.7218693715044133	0.010423082713970994	0.3184570531509307	0.4192358511341132	0.6548485832576367
frozenset({'loan_no', 'housing_yes', 'balance_low'})	frozenset({'credit_no'})	0.40212342402123424	0.9831895598318956	0.39969033399690335	0.993949394939494	1.0109438052916653	1.0	0.004326781735371321	2.7783072932376274	0.018106303824011512	0.4055206463195691	0.6400686121243715	0.7002367897082171
frozenset({'credit_no', 'housing_yes', 'balance_low'})	frozenset({'subscribed_term_d_no'})	0.4709135147091352	0.8847600088476001	0.42955098429550986	0.9121653358384217	1.0309748708313762	1.0	0.012905538855000953	1.3120103805532581	0.05678514719507859	0.4638165751134464	0.23781090849425085	0.698832667919211
frozenset({'housing_yes', 'balance_low', 'subscribed_term_d_no'})	frozenset({'credit_no'})	0.43264764432647645	0.9831895598318956	0.42955098429550986	0.9928425357873211	1.0098180212136059	1.0	0.004176337307854938	2.348658640629445	0.017136731289259848	0.435523660013456	0.5742250565062966	0.7148689619319057
frozenset({'housing_yes', 'balance_low'})	frozenset({'credit_no', 'subscribed_term_d_no'})	0.47423136474231364	0.8699402786994028	0.42955098429550986	0.9057835820895523	1.0412020276193403	1.0	0.01699801868358336	1.3804358538043597	0.07526427958980388	0.4696493349455864	0.2755911133109966	0.6997771203099681
frozenset({'loan_no', 'subscribed_term_d_no', 'balance_low'})	frozenset({'credit_no'})	0.6317186463171864	0.9831895598318956	0.6275160362751604	0.9933473389355744	1.0103314554168126	1.0	0.00641685846496487	2.526874585268797	0.02776629290552449	0.6355286738351256	0.6042542016806802	0.815796279141578
frozenset({'loan_no', 'subscribed_term_d_no', 'housing_no'})	frozenset({'credit_no'})	0.30833886308338865	0.9831895598318956	0.30546339305463394	0.9906743185078909	1.0076127320526826	1.0	0.0023078419806099038	1.8025964303336437	0.010923291497496468	0.3097801704800359	0.4452446575549307	0.6506802413686811
frozenset({'loan_no', 'credit_no', 'housing_yes'})	frozenset({'subscribed_term_d_no'})	0.46870161468701615	0.8847600088476001	0.42623313426233134	0.9093912222746579	1.027839428975932	1.0	0.011544689504962458	1.2718413606871635	0.050979615240197125	0.4596851145038168	0.2137384182413208	0.695570611137329
frozenset({'loan_no', 'housing_yes', 'subscribed_term_d_no'})	frozenset({'credit_no'})	0.43309002433090027	0.9831895598318956	0.42623313426233134	0.9841675178753829	1.000994679035907	1.0	0.0004235438728485419	1.0617690919080054	0.0017528190988236603	0.43051831992850764	0.058175635718502636	0.7088441638870728
frozenset({'loan_no', 'housing_yes', 'balance_low'})	frozenset({'subscribed_term_d_no'})	0.40212342402123424	0.8847600088476001	0.36407874364078746	0.9053905390539054	1.0233176567656765	1.0	0.008296019445933	1.2180599064829252	0.03811210171498394	0.3945349952061362	0.1790223168190143	0.6584452695269527
frozenset({'credit_no', 'housing_yes', 'age_middle-aged', 'balance_low'})	frozenset({'subscribed_term_d_no'})	0.2871046228710462	0.8847600088476001	0.2618889626188896	0.9121725731895224	1.0309830508474578	1.0	0.007870273947315876	1.3121184957527645	0.04215478276911722	0.2877977637335926	0.23787371092098022	0.6040862865947612
frozenset({'housing_yes', 'age_middle-aged', 'balance_low', 'subscribed_term_d_no'})	frozenset({'credit_no'})	0.2643220526432205	0.9831895598318956	0.2618889626188896	0.9907949790794979	1.0077354556621845	1.0	0.0020102800267384757	1.8262250909895166	0.010434019031057387	0.26570915619389585	0.4524223739264458	0.6285808416207388
frozenset({'housing_yes', 'age_middle-aged', 'balance_low'})	frozenset({'credit_no', 'subscribed_term_d_no'})	0.28975890289758904	0.8699402786994028	0.2618889626188896	0.9038167938931296	1.0389411963363435	1.0	0.009816021876527803	1.3522082135220799	0.052773089969446074	0.29169746242916966	0.26046892039258324	0.6024296275593286
frozenset({'loan_no', 'subscribed_term_d_no', 'age_middle-aged', 'balance_low'})	frozenset({'credit_no'})	0.34748949347489494	0.9831895598318956	0.3446140234461402	0.9917250159134309	1.0086813941382724	1.0	0.002965981310349919	2.0314770387762935	0.013190095950914874	0.34948407357559447	0.5077473282186972	0.671115601320045
frozenset({'loan_no', 'credit_no', 'housing_yes', 'age_middle-aged'})	frozenset({'subscribed_term_d_no'})	0.2857774828577748	0.8847600088476001	0.2605618226056182	0.9117647058823529	1.0305220588235293	1.0	0.007717334343928461	1.3060532330605321	0.04146894574371359	0.28633932912007776	0.2343344247487861	0.6031323529411765
frozenset({'loan_no', 'housing_yes', 'age_middle-aged', 'subscribed_term_d_no'})	frozenset({'credit_no'})	0.26343729263437293	0.9831895598318956	0.2605618226056182	0.9890848026868178	1.0059960389082347	1.0	0.0015530268171228268	1.540094941554789	0.008092047905290639	0.2642440556303275	0.3506893808829351	0.6270508377888532
frozenset({'loan_no', 'housing_yes', 'age_middle-aged'})	frozenset({'credit_no', 'subscribed_term_d_no'})	0.28909533289095335	0.8699402786994028	0.2605618226056182	0.9013006885998469	1.036048922745972	1.0	0.00906614813976564	1.3177368662006232	0.04894413553606187	0.2900049236829148	0.24112315163249617	0.6004087984062036
frozenset({'loan_no', 'subscribed_term_d_no', 'job_white-collar', 'balance_low'})	frozenset({'credit_no'})	0.30833886308338865	0.9831895598318956	0.3063481530634815	0.9935437589670013	1.0105312338109815	1.0	0.0031926019894574775	2.6037503993707873	0.015067324421395287	0.31095644364616076	0.6159386090764859	0.6525649053552667
frozenset({'loan_no', 'housing_yes', 'balance_low', 'marital_married'})	frozenset({'credit_no'})	0.2528201725282017	0.9831895598318956	0.2514930325149303	0.9947506561679791	1.0117587663746757	1.0	0.0029228783703037775	3.2023888520239394	0.015554628661945813	0.2554482138845203	0.6877331123083348	0.6252718410198725
frozenset({'credit_no', 'housing_yes', 'balance_low', 'marital_married'})	frozenset({'subscribed_term_d_no'})	0.30126078301260784	0.8847600088476001	0.2773722627737226	0.9207048458149779	1.0406266519823788	1.0	0.010828769730052756	1.4533043328663755	0.055872868738365625	0.30525803310613436	0.3119128751046356	0.617102422907489
frozenset({'housing_yes', 'subscribed_term_d_no', 'balance_low', 'marital_married'})	frozenset({'credit_no'})	0.2791417827914178	0.9831895598318956	0.2773722627737226	0.993660855784469	1.0106503327337648	1.0	0.002922976220337936	2.6518469365184516	0.014618822713007297	0.2816079047832922	0.6229043289682183	0.6378877957212559
frozenset({'housing_yes', 'balance_low', 'marital_married'})	frozenset({'credit_no', 'subscribed_term_d_no'})	0.30303030303030304	0.8699402786994028	0.2773722627737226	0.9153284671532846	1.0521739130434782	1.0	0.013753996501176313	1.5360501567398108	0.07114624505928846	0.309706100271672	0.34897959183673427	0.6170845234317148
frozenset({'loan_no', 'subscribed_term_d_no', 'balance_low', 'marital_married'})	frozenset({'credit_no'})	0.39305463393054635	0.9831895598318956	0.39106392391063927	0.9949352841868317	1.0119465511380576	1.0	0.0046167113865785425	3.3191280198579527	0.01945070610661853	0.39694656488549623	0.6987160501140307	0.6963427827008399
frozenset({'loan_no', 'credit_no', 'housing_yes', 'marital_married'})	frozenset({'subscribed_term_d_no'})	0.2937403229374032	0.8847600088476001	0.27051537270515374	0.9209337349397592	1.0408853539156628	1.0	0.010625681984159974	1.457511507146546	0.0556160898777197	0.2979293544457978	0.31389907036977194	0.6133418674698796
frozenset({'loan_no', 'housing_yes', 'subscribed_term_d_no', 'marital_married'})	frozenset({'credit_no'})	0.27405441274054415	0.9831895598318956	0.27051537270515374	0.9870863599677159	1.0039634270897735	1.0	0.0010679352727894775	1.3017584605175823	0.005438121561000844	0.27415377718000444	0.23180833439530887	0.6311134836958939
frozenset({'loan_no', 'housing_yes', 'marital_married'})	frozenset({'credit_no', 'subscribed_term_d_no'})	0.29750055297500555	0.8699402786994028	0.27051537270515374	0.9092936802973978	1.0452369002350712	1.0	0.011707658736850979	1.4338551241746162	0.06160729181040966	0.3016029593094944	0.30257947044988975	0.6101261180536061
frozenset({'loan_no', 'education_secondary', 'subscribed_term_d_no', 'balance_low'})	frozenset({'credit_no'})	0.31386861313868614	0.9831895598318956	0.3109931431099314	0.9908386187455954	1.0077798414733041	1.0	0.0024007995130591042	1.8349241998876902	0.011251172785327387	0.3153880663974877	0.45501835985311717	0.6535745399689732
frozenset({'loan_no', 'subscribed_term_d_no', 'housing_no', 'balance_low'})	frozenset({'credit_no'})	0.26763990267639903	0.9831895598318956	0.26564919265649195	0.9925619834710745	1.0095326720523572	1.0	0.0025084345506318217	2.260070289267404	0.012893463641871135	0.26964526268522676	0.5575358851674709	0.6313766047839062
frozenset({'loan_no', 'credit_no', 'housing_yes', 'balance_low'})	frozenset({'subscribed_term_d_no'})	0.39969033399690335	0.8847600088476001	0.36186684361866844	0.9053680132816824	1.0232921970116216	1.0	0.008236820175268	1.2177699649847176	0.037917129869030085	0.39223207863821624	0.17882684845774666	0.6571840066408412
frozenset({'loan_no', 'housing_yes', 'balance_low', 'subscribed_term_d_no'})	frozenset({'credit_no'})	0.36407874364078746	0.9831895598318956	0.36186684361866844	0.9939246658566221	1.0109186533943282	1.0	0.003908423914333048	2.766998451669974	0.016984373339002743	0.3672278338945006	0.6385975570761642	0.6809893295537328
